회계구분,부서명,세부사업명,통계목,총 지출액,법정동코드,법정동
일반회계,복지정책과,기관운영 업무수행,시책추진업무추진비,118000,11410,서대문구
일반회계,여성가족과,어린이집 운영 및 개선,사회복지시설법정운영비보조,267894800,11410,서대문구
일반회계,여성가족과,보육교직원 인건비 지원,사회복지시설법정운영비보조,20736060,11410,서대문구
일반회계,여성가족과,어린이집 운영지원(시비보조),사회복지시설법정운영비보조,2031000000,11410,서대문구
일반회계,여성가족과,장애아통합보육 활성화,민간위탁금,77436000,11410,서대문구
일반회계,여성가족과,육아종합지원센터 운영,민간위탁금,1131743000,11410,서대문구
일반회계,여성가족과,보조교사 지원(국비보조),사회복지시설법정운영비보조,679133630,11410,서대문구
일반회계,여성가족과,키즈클린플러스 사업,민간위탁금,533360000,11410,서대문구
일반회계,여성가족과,어린이집 공기청정기 지원,사회복지시설법정운영비보조,37126490,11410,서대문구
일반회계,여성가족과,시간제보육서비스 확대지원,사회복지시설법정운영비보조,211875200,11410,서대문구
일반회계,여성가족과,보조교사 지원(시비보조),사회복지시설법정운영비보조,521594610,11410,서대문구
일반회계,여성가족과,우리동네 보육반장 운영,민간위탁금,36900000,11410,서대문구
일반회계,여성가족과,어린이집 안전관리관 운영,민간위탁금,37480000,11410,서대문구
일반회계,여성가족과,공통부모교육(전환사업),민간위탁금,40000000,11410,서대문구
일반회계,여성가족과,열린육아방 운영,민간위탁금,87540000,11410,서대문구
일반회계,여성가족과,보육교직원 처우개선 지원(시비보조),사회복지시설법정운영비보조,238110000,11410,서대문구
일반회계,여성가족과,특화보육 지원,사회복지시설법정운영비보조,305066170,11410,서대문구
일반회계,여성가족과,생태친화형 어린이집 운영,민간위탁금,69240000,11410,서대문구
일반회계,여성가족과,서대문키드센터 운영,민간위탁금,134100000,11410,서대문구
일반회계,사회복지과,장애인 복지시설 지원,사회복지사업보조,100000000,11410,서대문구
일반회계,여성가족과,영유아보육료 지원,사회복지시설법정운영비보조,19587795510,11410,서대문구
일반회계,여성가족과,3~5세 누리과정 보육료 지원,사회복지시설법정운영비보조,7265411000,11410,서대문구
일반회계,여성가족과,한부모가족 매입임대주택 주거지원사업,사회복지시설법정운영비보조,50000000,11410,서대문구
일반회계,여성가족과,방과후 보육료 지원,사회복지시설법정운영비보조,26000000,11410,서대문구
일반회계,여성가족과,시간제보육서비스 제공지원,사회복지시설법정운영비보조,143166000,11410,서대문구
일반회계,여성가족과,한부모가족복지시설 아이돌봄서비스 지원,사회복지사업보조,234277000,11410,서대문구
일반회계,여성가족과,아이돌봄 지원,민간위탁금,2546963500,11410,서대문구
일반회계,복지정책과,위기가정통합지원센터 설치 및 운영,시책추진업무추진비,47000,11410,서대문구
일반회계,여성가족과,저소득 한부모가정 자립 지원,사회보장적수혜금,28680000,11410,서대문구
일반회계,여성가족과,건강가정지원센터 운영,민간위탁금,341440000,11410,서대문구
일반회계,여성가족과,공동육아나눔터 운영,민간위탁금,109692000,11410,서대문구
일반회계,홍은2동,동주민센터 기본경비,기관운영업무추진비,78000,11410,서대문구
일반회계,여성가족과,건강가정 지원,민간위탁금,12000000,11410,서대문구
일반회계,여성가족과,어린이집 행사지원,민간행사사업보조,16500000,11410,서대문구
일반회계,여성가족과,서울형 전임교사,사회복지시설법정운영비보조,14128800,11410,서대문구
일반회계,사회적경제과,지역돌봄 클러스터 구축사업,사무관리비,15374000,11410,서대문구
일반회계,여성가족과,부모모니터링단 운영,민간위탁금,3620000,11410,서대문구
일반회계,가좌보건지소,건강돌봄서비스사업,공공운영비,192000,11410,서대문구
일반회계,여성가족과,어린이집 직접 채용 대체교사 지원,사회복지시설법정운영비보조,0,11410,서대문구
일반회계,사회적경제과,사회적경제조직 활성화,행사실비지원금,560000,11410,서대문구
일반회계,사회적경제과,골목상권 MD 및 지역돌봄 매니저 양성사업,사무관리비,22704500,11410,서대문구
일반회계,지역건강과,공공산후조리원 건립 및 운영,시설비,5056520,11410,서대문구
일반회계,천연동,동단위계획형 참여예산사업,사무관리비,216200,11410,서대문구
일반회계,여성가족과,어린이집 운영지원(국비보조),사회복지시설법정운영비보조,4760000,11410,서대문구
일반회계,여성가족과,은가어린이집 신축,사무관리비,1420000,11410,서대문구
일반회계,여성가족과,보조금 사용잔액 반납,국고보조금반환금,33821530,11410,서대문구
일반회계,교육지원과,시민역량 증진,사무관리비,479620,11410,서대문구
일반회계,홍은1동,청소년 보호활동 지원,기타보상금,1250000,11410,서대문구
일반회계,의약과,건강돌봄서비스,사무관리비,6968000,11440,마포구
일반회계,의약과,인력운영비(지역사회중심재활 및 건강돌봄서비스),기타직보수,12069080,11440,마포구
일반회계,가족행복지원과,어린이집 직접 채용 대체교사 지원,사회복지시설법정운영비보조,73248210,11440,마포구
일반회계,아동청소년과,어린이 동네 돌봄 머슬업(Muscle Up!) 운영,행사운영비,3035000,11440,마포구
일반회계,아현동,우리동네돌봄단 운영,시책추진업무추진비,151300,11440,마포구
일반회계,가족행복지원과,아이돌봄지원,사회복지시설법정운영비보조,2034000000,11440,마포구
일반회계,가족행복지원과,보육교직원 인건비 지원,사회복지시설법정운영비보조,235932450,11440,마포구
일반회계,가족행복지원과,어린이집 운영지원 사업(시비보조),사회복지시설법정운영비보조,900797800,11440,마포구
일반회계,가족행복지원과,만0~2세보육료,사회복지시설법정운영비보조,27775846300,11440,마포구
일반회계,가족행복지원과,어린이집 교원 보수교육,사회복지시설법정운영비보조,1190000,11440,마포구
일반회계,가족행복지원과,서울형어린이집 운영 지원(시비보조),사회복지시설법정운영비보조,343765510,11440,마포구
일반회계,가족행복지원과,어린이집 운영지원 사업(구비),사회복지시설법정운영비보조,140839340,11440,마포구
일반회계,가족행복지원과,보조교사보육도우미 지원(시비보조),사회복지시설법정운영비보조,712437660,11440,마포구
일반회계,가족행복지원과,보조교사 등 인건비 지원,사회복지시설법정운영비보조,913142360,11440,마포구
일반회계,가족행복지원과,어린이집 보육교사 지원(구비),사회복지시설법정운영비보조,147100000,11440,마포구
일반회계,가족행복지원과,어린이집 영유아간식비 지원(구비),사회복지시설법정운영비보조,76443600,11440,마포구
일반회계,가족행복지원과,어린이집 공기청정기 지원(시비보조),사회복지시설법정운영비보조,54729210,11440,마포구
일반회계,가족행복지원과,미혼모·부 양육권 지원,사회보장적수혜금,14822500,11440,마포구
일반회계,가족행복지원과,어린이집 원장 지원 (구비),사회복지시설법정운영비보조,48130000,11440,마포구
일반회계,가족행복지원과,특화보육 지원 사업(시비 보조),사회복지시설법정운영비보조,162073040,11440,마포구
일반회계,가족행복지원과,서울형 공유어린이집 운영 (시비보조),사회복지시설법정운영비보조,5450000,11440,마포구
일반회계,가족행복지원과,만3~5세아 누리과정 지원(시비보조),사회복지시설법정운영비보조,8180519850,11440,마포구
일반회계,가족행복지원과,방과후 보육료(시비보조),사회복지시설법정운영비보조,23700000,11440,마포구
일반회계,가족행복지원과,시간제보육서비스 제공 지원,사회복지시설법정운영비보조,139168600,11440,마포구
일반회계,가족행복지원과,차액보육료,사회복지시설법정운영비보조,1168000000,11440,마포구
일반회계,어르신동행과,로봇활용 어르신돌봄 사업,사회복지사업보조,24000000,11440,마포구
일반회계,아동청소년과,취약계층아동통합서비스지원사업,행사운영비,3120000,11440,마포구
일반회계,가족행복지원과,어린이집 관리 및 보육사업 지원,공공운영비,169650,11440,마포구
일반회계,공원녹지과,생활권주변 푸른 숲 가꾸기,기타보상금,3152000,11440,마포구
일반회계,가족행복지원과,가족센터 운영,민간위탁금,258025000,11440,마포구
일반회계,가족행복지원과,육아종합지원센터 운영(전환사업),시설비,1688554160,11440,마포구
일반회계,맑은환경과,에너지 절약 및 효율적 관리,재료비,2490400,11440,마포구
일반회계,가족행복지원과,아이돌봄시비지원사업,사회복지사업보조,160929000,11440,마포구
일반회계,가족행복지원과,한부모가족복지시설 지원,사회복지시설법정운영비보조,78293000,11440,마포구
일반회계,위생과,식품유통 및 원산지관리,재료비,63000,11440,마포구
일반회계,가족행복지원과,한부모가족복지시설 공동생활가정형(매입임대) 주거지원,사회복지시설법정운영비보조,83800000,11440,마포구
일반회계,가족행복지원과,장난감대여점 운영,민간위탁금,309357000,11440,마포구
일반회계,가족행복지원과,장애아 통합보육 활성화(시비보조),사회복지시설법정운영비보조,58300000,11440,마포구
일반회계,아동청소년과,열린육아방 운영,시책추진업무추진비,41826000,11440,마포구
일반회계,장애인동행과,코로나19 돌봄 한시지원,사회복지사업보조,24060000,11440,마포구
일반회계,주민생활복지과,1인 중장년층 더이음 사업,사회복지사업보조,50000000,11440,마포구
일반회계,가족행복지원과,공동육아나눔터 운영,사회복지시설법정운영비보조,55146000,11440,마포구
일반회계,여성가족과,한부모가족 명절 격려,사회보장적수혜금,15500000,11440,마포구
일반회계,아동청년과,다함께돌봄(우리동네키움센터)운영,시책추진업무추진비,321500,11440,마포구
일반회계,여성가족과,출산장려지원사업,시책추진업무추진비,84000,11440,마포구
일반회계,여성가족과,어린이집 운영지원(교재교구비),사회복지시설법정운영비보조,32170000,11440,마포구
일반회계,아동청년과,아동복지 정책 추진,사무관리비,1400000,11440,마포구
일반회계,아동청년과,돌봄공동체 지원,민간경상사업보조,75000000,11440,마포구
일반회계,아동청년과,공동육아방 운영,사무관리비,25900,11440,마포구
일반회계,복지정책과,마포형 케어안심주택 운영 지원,사무관리비,17360,11440,마포구
일반회계,출산보육과,서울형 공유어린이집 지원,민간위탁금,18651910,11470,양천구
일반회계,복지정책과,위기가정통합지원센터 운영,시책추진업무추진비,2002300,11470,양천구
일반회계,출산보육과,방과후 교실 운영비,사회복지시설법정운영비보조,17550000,11470,양천구
일반회계,출산보육과,민간보육시설 지원,사회복지시설법정운영비보조,590375000,11470,양천구
일반회계,출산보육과,만3~5세 누리과정 지원,사회복지시설법정운영비보조,11098475870,11470,양천구
일반회계,출산보육과,종사자 인건비(기본급 외),사회복지시설법정운영비보조,1602158120,11470,양천구
일반회계,출산보육과,서울형어린이집 지원,사회복지시설법정운영비보조,1291078820,11470,양천구
일반회계,출산보육과,어린이집 운영지원,사회복지시설법정운영비보조,335146980,11470,양천구
일반회계,출산보육과,보육교직원 인건비 지원,민간위탁금,111220000,11470,양천구
일반회계,출산보육과,보육교직원 처우개선 지원(보조교사),사회복지시설법정운영비보조,2650069660,11470,양천구
일반회계,출산보육과,어린이집 공기청정기 설치운영비 지원,사회복지시설법정운영비보조,146295610,11470,양천구
일반회계,지역보건과,서울형 산모신생아 건강관리 지원,의료및구료비,3529840,11470,양천구
일반회계,출산보육과,영유아보육료 지원,사회복지시설법정운영비보조,28800656000,11470,양천구
일반회계,출산보육과,방과후 보육료,사회복지시설법정운영비보조,5965850,11470,양천구
일반회계,출산보육과,시간제보육서비스 제공지원,사회복지시설법정운영비보조,111922300,11470,양천구
일반회계,출산보육과,보육료 차액지원(일반아동),사회복지시설법정운영비보조,2400000000,11470,양천구
일반회계,출산보육과,육아종합지원센터 운영(전환사업),시책추진업무추진비,664126040,11470,강남구
일반회계,가족정책과,아이돌봄지원,시책추진업무추진비,2700080730,11470,양천구
일반회계,자립지원과,양천희망돌봄센터 운영,사회보장적수혜금,187786400,11470,양천구
일반회계,출산보육과,장난감도서관 및 공동육아방(아이맘카페) 운영,민간위탁금,894413170,11470,양천구
일반회계,지역보건과,백세 건강돌봄사업,시책추진업무추진비,178000,11470,양천구
일반회계,출산보육과,저소득층 가정지원 사업,사회보장적수혜금,45840000,11470,양천구
일반회계,출산보육과,양천구 보육타운 건립,시설비,417500000,11470,양천구
일반회계,출산보육과,보육료 차액지원(법정 저소득),사회복지시설법정운영비보조,20000000,11470,양천구
일반회계,가족정책과,건강가정지원센터 운영,민간위탁금,213600000,11470,양천구
일반회계,가족정책과,공동육아나눔터 운영,민간위탁금,54846000,11470,양천구
일반회계,출산보육과,어린이집 교원 보수교육,사회복지시설법정운영비보조,4610000,11470,양천구
일반회계,가족정책과,아동보호사업 운영,사회보장적수혜금,5920000,11470,양천구
일반회계,자립지원과,양천해누리복지관 운영,사회복지사업보조,12677660,11470,양천구
일반회계,출산보육과,공공형 실내놀이터 조성 및 운영,민간위탁금,267607470,11470,양천구
일반회계,자립지원과,장애인 사회참여,사무관리비,66000,11470,양천구
일반회계,어르신복지과,시니어 재능나눔을 통한 몽실몽실 마을돌봄학교 운영(지역사회혁신),민간경상사업보조,38845270,11470,양천구
일반회계,총무과,구 주요행사 지원,시책추진업무추진비,82400,11470,양천구
일반회계,자립지원과,장애인단체 지원,민간경상사업보조,1000000,11470,양천구
일반회계,자립지원과,장애인활동지원사업 코로나19 돌봄 한시지원,사회복지사업보조,89531000,11470,양천구
일반회계,교육지원과,진로직업체험지원센터 운영,행사운영비,13642200,11470,양천구
일반회계,가족정책과,드림스타트사업 운영 지원,사회복지사업보조,4000000,11470,양천구
일반회계,신정3동,기본경비,사무관리비,98000,11470,양천구
일반회계,기획예산과,법무 수행 지원,사무관리비,330000,11470,양천구
일반회계,가족정책과,아동보호서비스 연계 사업,행사운영비,3640000,11470,양천구
일반회계,출산보육과,어린이집 행사,민간행사사업보조,6000000,11470,양천구
일반회계,복지정책과,기초푸드뱅크·마켓 운영,사무관리비,250000,11500,강서구
일반회계,가족정책과,육아종합지원센터 운영(자체),시책추진업무추진비,640770000,11500,강서구
일반회계,가족정책과,육아종합지원센터 운영(보조)(전환사업),민간위탁금,195551240,11500,강서구
일반회계,가족정책과,영유아보육료,사회복지시설법정운영비보조,46815281760,11500,강서구
일반회계,가족정책과,장애아통합어린이집 운영지원,사회복지시설법정운영비보조,27420000,11500,강서구
일반회계,가족정책과,누리과정보육료,사회복지시설법정운영비보조,15500000000,11500,강서구
일반회계,가족정책과,우리동네보육반장 등 공동육아지원,민간위탁금,81820000,11500,강서구
일반회계,보건행정과,서울케어 건강돌봄서비스,시책추진업무추진비,1396000,11500,강서구
일반회계,방화3동,복지사각지대 발굴 지원,사무관리비,3711400,11500,강서구
일반회계,가족정책과,보조사업 반환,국고보조금반환금,54614370,11500,강서구
일반회계,가족정책과,저소득 한부모가족 지원,사회보장적수혜금,93995000,11500,강서구
일반회계,가족정책과,보육교직원 복리후생비 지원,사회복지시설법정운영비보조,266380000,11500,강서구
일반회계,가족정책과,시간제보육사업,사회복지시설법정운영비보조,289577270,11500,강서구
일반회계,가족정책과,어린이집 공기질 개선 지원,사회복지시설법정운영비보조,13804200,11500,강서구
일반회계,가족정책과,서울형어린이집 운영지원,사회복지시설법정운영비보조,90177290,11500,강서구
일반회계,가족정책과,어린이집 영아반운영비 등 지원,사회복지시설법정운영비보조,1152832750,11500,강서구
일반회계,아동청소년과,요보호아동 지원,사회보장적수혜금,2196000,11500,강서구
일반회계,도로과,기본경비,사무관리비,297000,11500,강서구
일반회계,가족정책과,공동육아방 운영,민간위탁금,40008000,11500,강서구
일반회계,가족정책과,아이돌봄지원,민간위탁금,1494920000,11500,강서구
일반회계,아동청소년과,지역아동센터 운영 지원,사회복지시설법정운영비보조,71940000,11500,강서구
일반회계,가족정책과,건강가정 운영,시책추진업무추진비,1573500,11500,강서구
일반회계,가족정책과,건강가정지원센터 운영,민간위탁금,172831900,11500,강서구
일반회계,가족정책과,누리과정보육료 차액 지원,사회복지시설법정운영비보조,3643000000,11500,강서구
일반회계,가족정책과,아이돌봄지원사업 추가 지원,민간위탁금,4480000,11500,강서구
일반회계,가족정책과,공동육아나눔터 운영,민간위탁금,54846000,11500,강서구
일반회계,일자리정책과,사회적경제기업 사업개발비 지원사업,민간경상사업보조,4000000,11500,강서구
일반회계,장애인복지과,코로나19 돌봄 한시지원,사회보장적수혜금,72560000,11500,강서구
일반회계,가족정책과,한부모가족복지시설 지원,사회복지사업보조,51195000,11500,강서구
일반회계,가족정책과,어린이집 교재교구비 지원,사회복지시설법정운영비보조,92266000,11500,강서구
일반회계,가족정책과,저출산대응 및 인식개선,시책추진업무추진비,380000,11500,강서구
일반회계,가족정책과,방과후보육료,사회복지시설법정운영비보조,20000000,11500,강서구
일반회계,복지정책과,행복한 가족 레시피,민간경상사업보조,95100000,11500,강서구
일반회계,복지정책과,위기가정 통합지원센터 운영,사회보장적수혜금,1304800,11530,구로구
일반회계,교육지원과,진로직업체험지원센터 운영,행사운영비,750000,11530,구로구
일반회계,어르신청소년과,보호종료아동 지원사업,사회보장적수혜금,4000000,11530,구로구
일반회계,건강증진과,서울형 산모신생아관리,의료및구료비,5245200,11530,구로구
일반회계,여성정책과,어린이집 운영비 지원,사회복지시설법정운영비보조,934691000,11530,구로구
일반회계,여성정책과,어린이집 복리후생비 지원,사회복지시설법정운영비보조,292420000,11530,구로구
일반회계,여성정책과,보육교직원 인건비 지원,사회복지시설법정운영비보조,162028870,11530,구로구
일반회계,여성정책과,어린이집 운영지원(교재교구),사회복지사업보조,50175120,11530,구로구
일반회계,여성정책과,어린이집 교원 보수교육,사회복지사업보조,4420000,11530,구로구
일반회계,여성정책과,어린이집 운영개선 인건비 지원,사회복지시설법정운영비보조,605640000,11530,구로구
일반회계,여성정책과,서울형어린이집 운영 지원,사회복지시설법정운영비보조,860300420,11530,구로구
일반회계,여성정책과,시간제보육서비스 제공지원,사회복지시설법정운영비보조,149405260,11530,구로구
일반회계,여성정책과,민간어린이집 보육료 차액 지원,사회복지사업보조,1928081100,11530,구로구
일반회계,여성정책과,보육교직원 처우개선 지원,사회복지시설법정운영비보조,3101703380,11530,구로구
일반회계,여성정책과,공기청정기 운영비 지원,사회복지시설법정운영비보조,97268400,11530,구로구
일반회계,여성정책과,어린이집 운영지원(직접채용 대체교사),사회복지시설법정운영비보조,16806820,11530,구로구
일반회계,여성정책과,맞춤보육서비스 인건비 지원,사회복지시설법정운영비보조,28992010,11530,구로구
일반회계,여성정책과,어린이집 급간식비 지원,사회복지시설법정운영비보조,159916200,11530,구로구
일반회계,보건행정과,건강돌봄서비스사업,시책추진업무추진비,7426430,11530,구로구
일반회계,어르신청소년과,구로형 아이돌봄체계 구축,시책추진업무추진비,13511900,11530,구로구
일반회계,복지정책과,구로형 통합돌봄체계 구축(시주참-구단위),시책추진업무추진비,8196080,11530,구로구
일반회계,어르신청소년과,아동복지시설 등 지원,사회보장적수혜금,1890000,11530,구로구
일반회계,여성정책과,아이돌봄지원,사회복지시설법정운영비보조,3532634100,11530,구로구
일반회계,수궁동,우리동네 돌봄단 운영,사무관리비,11196950,11530,구로구
일반회계,여성정책과,저소득 한부모가정 가족사진 지원,사무관리비,5000000,11530,구로구
일반회계,여성정책과,영유아보육료 지원,사회복지사업보조,33555392000,11530,구로구
일반회계,여성정책과,만3~5세아 누리과정 보육료,사회복지사업보조,11200000000,11530,구로구
일반회계,여성정책과,어린이집 외국인아동 보육료 지원,사회복지사업보조,136805200,11530,구로구
일반회계,복지정책과,위기가정 발굴지원,시책추진업무추진비,1171000,11530,구로구
일반회계,여성정책과,우리동네 보육반장 운영지원,사회복지시설법정운영비보조,17348960,11530,구로구
일반회계,어르신청소년과,아동통합서비스 지원(드림스타트-국비),사회보장적수혜금,5886000,11530,구로구
일반회계,자동차관리과,자동차 정기검사 등 관리,시책추진업무추진비,559000,11530,구로구
일반회계,항동,돌봄SOS센터 운영,시책추진업무추진비,45258270,11530,구로구
일반회계,여성정책과,어린이집 냉난방비 지원,사회복지시설법정운영비보조,69240000,11530,구로구
일반회계,여성정책과,지방육아종합지원센터 지원(전환),민간위탁금,119314120,11530,구로구
일반회계,여성정책과,한부모가족복지시설 아이돌봄 지원,사회복지사업보조,98096000,11530,구로구
일반회계,총무과,인력운영비(본청 및 동주민센터),보수,-357920,11530,구로구
일반회계,여성정책과,어린이집 운영개선 보육료 지원,사회복지사업보조,21000000,11530,구로구
일반회계,여성정책과,공동육아나눔터 운영,사회복지사업보조,113337120,11530,구로구
일반회계,여성정책과,방과후 어린이집 운영 지원,사회복지시설법정운영비보조,9500000,11530,구로구
일반회계,여성정책과,방과후 보육료 지원,사회복지사업보조,5077060,11530,구로구
일반회계,의약과,의약품 안전사용 사업,시책추진업무추진비,385000,11530,구로구
일반회계,여성정책과,한부모가족 복지시설 위문 격려,사회보장적수혜금,2400000,11530,구로구
일반회계,여성정책과,저소득 한부모가정 문화체험행사 운영,행사운영비,1813050,11530,구로구
일반회계,여성정책과,돌봄공동체 지원,사회복지사업보조,75000000,11530,구로구
일반회계,여성정책과,지방육아종합지원센터 지원,민간위탁금,148769120,11530,구로구
일반회계,여성정책과,건강가정지원센터 운영,사회복지시설법정운영비보조,100485000,11530,구로구
일반회계,주거정비과,금하마을 도시재생 뉴딜사업,사무관리비,14600000,11545,금천구
일반회계,행정지원과,기본경비(기관운영),기관운영업무추진비,988000,11545,금천구
일반회계,복지정책과,위기가정 통합지원센터 운영,시책추진업무추진비,7666510,11545,금천구
일반회계,가족정책과,보육사업 운영 활성화,사회복지사업보조,853553650,11545,금천구
일반회계,가족정책과,어린이집 운영지원,사회복지사업보조,1886572000,11545,금천구
일반회계,가족정책과,방과후어린이집 운영지원,사회복지사업보조,15500000,11545,금천구
일반회계,가족정책과,특화보육 사업 운영 지원,사회복지사업보조,842133570,11545,금천구
일반회계,가족정책과,영유아보육료,사회복지사업보조,15213787200,11545,금천구
일반회계,가족정책과,누리과정 보육료,사회복지사업보조,7200000000,11545,금천구
일반회계,가족정책과,누리과정 운영비,사회복지사업보조,395688800,11545,금천구
일반회계,가족정책과,방과후 보육료,사회복지사업보조,13500000,11545,금천구
일반회계,가족정책과,시간제보육서비스 운영,사회복지사업보조,158808010,11545,금천구
일반회계,가족정책과,보육돌봄 종사자 인건비(보조교사 및 보육도우미),사회복지사업보조,57245000,11545,금천구
일반회계,가족정책과,대체교사 인건비 지원,사회복지사업보조,2701340,11545,금천구
일반회계,가족정책과,어린이집 보육교직원 처우개선 지원,사회복지사업보조,106365000,11545,금천구
일반회계,가족정책과,공기청정기 운영 지원,사회복지사업보조,80115480,11545,금천구
일반회계,가족정책과,서울형 공유어린이집 운영,사회복지사업보조,12949900,11545,금천구
일반회계,가족정책과,반환금 기타,국고보조금반환금,25065850,11545,금천구
일반회계,아동청소년과,아동보호전담요원 사업 운영,사회보장적수혜금,1010000,11545,금천구
일반회계,아동청소년과,입양가정 및 가정위탁아동 지원,사회보장적수혜금,4450000,11545,금천구
일반회계,건강증진과,기본경비,공공운영비,59030,11545,금천구
일반회계,가족정책과,육아종합지원센터 운영 지원(전환사업),시책추진업무추진비,579030220,11545,금천구
일반회계,가족정책과,아이돌봄 지원사업(성인지),사회복지사업보조,1526600000,11545,금천구
일반회계,아동청소년과,취약계층 아동통합서비스 지원,사회보장적수혜금,8310800,11545,금천구
일반회계,행정지원과,정보 통신시스템  관리,시책추진업무추진비,52000,11545,금천구
일반회계,가족정책과,건강가정지원센터 운영,민간위탁금,343640000,11545,금천구
일반회계,복지정책과,건강돌봄 재난지원금,기간제근로자등보수,10251243990,11545,금천구
일반회계,가족정책과,아이돌보미 추가수당 및 한부모가족 지원,사회복지사업보조,80805900,11545,금천구
일반회계,가족정책과,"민간,가정 어린이집 교재교구비",사회복지사업보조,97150000,11545,금천구
일반회계,보건정책과,보건정책서비스 제공,시책추진업무추진비,66000,11545,금천구
일반회계,건강증진과,금천아이맘건강센터 운영,공공운영비,9340,11545,금천구
일반회계,가족정책과,공동육아방 운영,민간위탁금,40008000,11545,금천구
일반회계,가족정책과,우리동네 보육반장 운영,사회복지사업보조,36900000,11545,금천구
일반회계,교육지원과,금천혁신교육지구 운영(성인지),민간경상사업보조,28775000,11545,금천구
일반회계,교육지원과,동네방네 행복돌봄 초등방과후 돌봄체계 구축,민간경상사업보조,39180000,11545,금천구
일반회계,가족정책과,공동육아나눔터 운영,민간위탁금,54846000,11545,금천구
일반회계,가족정책과,장애아통합어린이집 지원,사회복지사업보조,63000,11545,금천구
일반회계,가족정책과,보육돌봄서비스 보육교직원 인건비,사회복지사업보조,10878000,11545,금천구
일반회계,가족정책과,보수교육비,사회복지사업보조,280000,11545,금천구
일반회계,가족정책과,보육돌봄 종사자 인건비(보조교사 및 연장보육교사),사회복지사업보조,54457440,11545,금천구
일반회계,가족정책과,어린이집 급간식비 지원,사회복지사업보조,7653020,11545,금천구
일반회계,가족정책과,어린이집 기능보강 지원(시비),민간위탁사업비,22532000,11545,금천구
일반회계,가족정책과,한부모가족 지원 사업,사회보장적수혜금,30600000,11545,금천구
일반회계,여성가족과,가족학교 운영,민간위탁금,5000000,11545,금천구
일반회계,여성가족과,한부모가족복지시설 아이돌봄서비스 지원,사회복지사업보조,2500000,11545,금천구
일반회계,여성가족과,육아종합지원센터 운영 지원,시책추진업무추진비,629195260,11545,금천구
일반회계,복지정책과,금천 동네방네 돌봄SOS서비스 ,사회보장적수혜금,42414140,11545,금천구
일반회계,복지정책과,돌봄SOS센터 운영,사회보장적수혜금,26398410,11545,금천구
일반회계,아동청년과,아동복지시설 등 지원,사회보장적수혜금,530000,11545,금천구
일반회계,치수과,하수시설물 유지관리,사무관리비,570000,11545,금천구
일반회계,복지정책과,코로나 생활지원비 지원사업(기금),사회보장적수혜금,575121900,11560,영등포구
일반회계,보육지원과,방과 후 보육시설 운영지원,사회복지시설법정운영비보조,40800000,11560,영등포구
일반회계,보육지원과,영유아 보육료 지원,사회복지시설법정운영비보조,32597378860,11560,영등포구
일반회계,보육지원과,민간 가정 어린이집 운영 지원,사회복지시설법정운영비보조,285940000,11560,영등포구
일반회계,보육지원과,어린이집 지원,사회복지시설법정운영비보조,151692090,11560,영등포구
일반회계,보육지원과,누리과정 보육료지원,사회복지시설법정운영비보조,11737971000,11560,영등포구
일반회계,보육지원과,방과후 보육료,사회복지시설법정운영비보조,2700000,11560,영등포구
일반회계,보육지원과,보육교직원 처우개선 지원(보조교사),사회복지시설법정운영비보조,816685300,11560,영등포구
일반회계,보육지원과,어린이집 운영지원,사회복지시설법정운영비보조,2657185300,11560,영등포구
일반회계,보육지원과,보육교직원 처우개선 지원(시비 보조),사회복지시설법정운영비보조,40125000,11560,영등포구
일반회계,보육지원과,특화보육 지원,사회복지시설법정운영비보조,73970200,11560,영등포구
일반회계,보육지원과,기본경비,사무관리비,7105000,11560,영등포구
일반회계,보육지원과,생태친화 어린이집 운영지원,민간위탁금,179739470,11560,영등포구
일반회계,아동청소년복지과,우리동네 키움센터 설치,시설비,7640000,11560,영등포구
일반회계,아동청소년복지과,아이돌봄지원사업 운영,민간위탁금,2778640000,11560,영등포구
일반회계,보육지원과,한부모가족복지시설 아이돌봄서비스 지원,사회복지시설법정운영비보조,13171000,11560,영등포구
일반회계,보육지원과,시간제보육서비스 제공지원,사회복지시설법정운영비보조,77966900,11560,영등포구
일반회계,아동청소년복지과,건강가정지원센터 운영,민간위탁금,291320000,11560,영등포구
일반회계,아동청소년복지과,아이 돌봄 지원(시비),민간위탁금,183301100,11560,영등포구
일반회계,아동청소년복지과,공동육아나눔터 운영,민간위탁금,56941320,11560,영등포구
일반회계,아동청소년복지과,요보호아동 지원,사회보장적수혜금,1650000,11560,영등포구
일반회계,보육지원과,장애아 통합보육 활성화,사회복지시설법정운영비보조,107209540,11560,영등포구
일반회계,보육지원과,육아종합지원센터 운영지원(전환사업),민간위탁금,178795970,11560,영등포구
일반회계,보육지원과,육아종합지원센터 운영지원(자체),민간위탁금,384459400,11560,영등포구
일반회계,보육지원과,맘든든센터 운영,민간위탁금,79917000,11560,영등포구
일반회계,보육지원과,공동육아방 운영지원,민간위탁금,371161920,11560,영등포구
일반회계,보육지원과,탁트인 맘스가든 운영,민간위탁금,201551760,11560,영등포구
일반회계,의약과,안정적인 의약품 조제 투약관리,사무관리비,58400,11560,영등포구
일반회계,총무과,별관 청사관리,공공운영비,350900,11560,영등포구
일반회계,아동청소년복지과,취약계층 아동통합서비스지원(지역드림스타트 아동통합서비스 지원),행사운영비,8415000,11560,영등포구
일반회계,복지정책과,돌봄SOS센터 운영,사무관리비,466500,11560,영등포구
일반회계,보육지원과,직접채용 대체교사 운영지원,사회복지시설법정운영비보조,2018400,11560,영등포구
일반회계,아동청소년복지과,아동보호전담요원 아동보호사업,사회보장적수혜금,1573500,11560,영등포구
일반회계,보육지원과,어린이집 안전관리관 운영 지원,민간위탁금,52335880,11560,영등포구
일반회계,보육지원과,우리동네 보육반장 등 공동육아 지원,민간위탁금,82931640,11560,영등포구
일반회계,복지정책과,"영등포형 돌봄
네트워크 사업",사회복지사업보조,144000000,11560,영등포구
일반회계,양평2동,우리동네 돌봄단 운영,시책추진업무추진비,303000,11560,영등포구
일반회계,사회복지과, 코로나19 돌봄 한시지원 급여,공기관등에대한경상적위탁사업비,30016000,11560,영등포구
일반회계,보육지원과,어린이집 보육교직원 역량 강화,사회복지시설법정운영비보조,23400000,11560,영등포구
일반회계,보육지원과,저소득 한부모가족 인덕션 설치 지원(구 주민참여),사회보장적수혜금,19720000,11560,영등포구
일반회계,영유아보육과,2.어린이집 운영지원,민간위탁금,737607110,11590,동작구
일반회계,아동여성과,42.여성·한부모 지원,사회보장적수혜금,15795000,11590,동작구
일반회계,영유아보육과,16.보육사업비(시비보조),사회복지사업보조,36851020,11590,동작구
일반회계,영유아보육과,19.민간어린이집 차액보육료 지원(시비보조),사회복지사업보조,1277000000,11590,동작구
일반회계,영유아보육과,6.누리과정보육료(시비보조)(성인지),사회복지시설법정운영비보조,8225000000,11590,동작구
일반회계,영유아보육과,1.보육정책 관리 및 홍보,포상금,5000000,11590,동작구
일반회계,환경과,7.초미세먼지 줄이기 지원,민간자본사업보조(자체재원),200000000,11590,동작구
일반회계,노량진2동,돌봄SOS센터 사업 운영(시비보조),시책추진업무추진비,700000,11590,동작구
일반회계,아동여성과,아동보호전담요원 사업(국고보조),사회보장적수혜금,7260800,11590,동작구
일반회계,보건지소,4.건강돌봄서비스사업 운영(시비보조),시책추진업무추진비,2100000,11590,동작구
일반회계,영유아보육과,38.아이돌봄 지원(국고보조)(성인지),사회복지사업보조,1687100000,11590,동작구
일반회계,영유아보육과,26.시간제보육 운영(국고보조),사회복지사업보조,300400120,11590,동작구
일반회계,영유아보육과,5.영유아보육료(국고보조)(성인지),사회복지시설법정운영비보조,24504284000,11590,동작구
일반회계,아동여성과,8.보호아동 지원,사회보장적수혜금,7350000,11590,동작구
일반회계,아동여성과,33.건강가정 및 다문화가족지원센터 운영(국고보조)(성인지),민간위탁금,256080000,11590,동작구
일반회계,아동여성과,34.건강가정 및 다문화가족지원센터 운영 추가사업 (시비보조),민간위탁금,38287500,11590,동작구
일반회계,보건행정과,2.식품제조판매업소 지도관리,재료비,46800,11590,동작구
일반회계,장애인사회보장과,코로나19 돌봄 한시지원(국고보조),공기관등에대한경상적위탁사업비,28040000,11590,동작구
일반회계,영유아보육과,30.우리동네 보육반장 등 공동육아 지원(시비보조),민간위탁금,52050000,11590,동작구
일반회계,영유아보육과,39.아이돌봄 지원 추가사업(시비보조),사회복지사업보조,136955900,11590,동작구
일반회계,영유아보육과,18.장애아 통합 어린이집 운영(시비보조),사회복지사업보조,57680000,11590,동작구
일반회계,영유아보육과,22.어린이집 안전관리 전문요원 운영(시비보조),사회복지사업보조,37480000,11590,동작구
일반회계,영유아보육과,시간제보육 제공기관 리모델링 지원(국고보조),민간위탁금,4972000,11590,동작구
일반회계,어르신정책과,취약계층 어르신 돌봄 복지(시비보조),행사운영비,1080000,11590,동작구
일반회계,아동여성과,41.공동육아나눔터 지원(국고보조),민간위탁금,54846000,11590,동작구
일반회계,아동여성과,경계선아동 자립지원(국고보조),사회복지사업보조,1400000,11590,동작구
일반회계,보육여성과,민간어린이집 기능보강(시비보조),민간자본사업보조(자체재원),39536000,11590,동작구
일반회계,아동청소년과,40.서로돌봄지원사업,민간위탁금,33000000,11590,동작구
일반회계,체육문화과,35.문화재 돌봄사업(국고보조),공공운영비,2500000,11590,동작구
일반회계,행정지원과,20.돌봄SOS센터 전담인력 인건비(시비보조),보수,1976790,11590,동작구
일반회계,보육여성과,29.영유아플라자 운영(시비보조),사회복지사업보조,268083240,11590,동작구
일반회계,보육여성과,23.육아종합지원센터 운영 지원,민간위탁금,1878452000,11590,동작구
일반회계,보육여성과,34.국공립어린이집 확충,시설비,20924000,11590,동작구
일반회계,보육여성과,24.클로버 부모교육 운영(시비보조)(전환사업),사회복지사업보조,10000000,11590,동작구
일반회계,보육여성과,국공립어린이집 설치(국고보조),민간자본사업보조(이전재원),36500000,11590,동작구
일반회계,건강관리과,21.건강한 미래세대 만들기,시책추진업무추진비,181000,11590,동작구
일반회계,아동청소년과,5.지역아동센터 운영 지원,민간위탁금,25000000,11590,동작구
일반회계,보육여성과,7.방과후 보육료(시비보조),사회복지시설법정운영비보조,3000000,11590,동작구
일반회계,보육여성과,31.공동육아방(맘스하트카페) 활성화 지원(시비보조),민간위탁금,184311000,11590,동작구
일반회계,복지정책과,돌봄SOS센터 운영,시책추진업무추진비,86400,11650,서초구
일반회계,여성보육과,어린이집 운영지원(자체사업),사회복지시설법정운영비보조,168950000,11650,서초구
일반회계,여성보육과,어린이집 운영지원,사회복지시설법정운영비보조,1211733480,11650,서초구
일반회계,여성보육과,영유아 보육료 지원,사회복지사업보조,22353827230,11650,서초구
일반회계,여성보육과,육아지원센터 운영(전환사업),민간위탁금,2248085330,11650,서초구
일반회계,여성보육과,민간어린이집 냉난방비 지원 사업,사회복지시설법정운영비보조,21500000,11650,서초구
일반회계,여성보육과,만3~5세 누리과정 보육료 지원,사회복지사업보조,9616452910,11650,서초구
일반회계,여성보육과,시간제보육(시간차등형)서비스 제공지원,사회복지사업보조,322249120,11650,서초구
일반회계,여성보육과,어린이집 공기청정기 운영비 지원,사회복지시설법정운영비보조,41724030,11650,서초구
일반회계,여성보육과,보육사업 활성화 및 전문성 강화,시책추진업무추진비,6451900,11650,서초구
일반회계,여성보육과,우리동네 보육반장 등 공동육아 지원,사회복지사업보조,50849220,11650,서초구
일반회계,여성보육과,여성가족부 아이돌봄 지원사업,민간위탁금,2476486800,11650,서초구
일반회계,여성보육과,어린이집 하모니보육 커뮤니티 지원 ,시책추진업무추진비,39577300,11650,서초구
일반회계,아동청년과,요보호아동 지원,사회보장적수혜금,24000000,11650,서초구
일반회계,복지정책과,드림스타트 사업,사회보장적수혜금,18208200,11650,서초구
일반회계,여성보육과,기관공통 재정 효율적 지원,시책추진업무추진비,534100,11650,서초구
일반회계,여성보육과,어린이집 보육교직원 역량강화,민간행사사업보조,16675600,11650,서초구
일반회계,아동청년과,아동보호전담요원 운영지원,시책추진업무추진비,41400,11650,서초구
일반회계,복지정책과,사회복지 전문성 강화,시책추진업무추진비,908000,11650,서초구
일반회계,행정지원과,인력운영비-기준인건비(사회복지),보수,2027940,11650,서초구
일반회계,행정지원과,인력운영비-기준인건비(돌봄SOS센터),보수,13932060,11650,서초구
일반회계,여성보육과,서초구 공동육아나눔터 운영,민간위탁금,258000000,11650,서초구
일반회계,여성보육과,교사 근무환경개선비 지원,사회복지시설법정운영비보조,5720000,11650,서초구
일반회계,내곡동,찾아가는 동주민센터,시책추진업무추진비,400000,11650,서초구
일반회계,여성보육과,저소득 한부모가족 지원,사회보장적수혜금,25250000,11650,서초구
일반회계,내곡동,기본경비,기관운영업무추진비,35000,11650,서초구
일반회계,복지정책과,서리풀 야쿠르트 돌봄사업,사회복지사업보조,67200000,11650,서초구
일반회계,행정지원과,쾌적한 구청사 운영,공공운영비,1772100,11650,서초구
일반회계,여성보육과,어린이집 환경개선,민간자본사업보조(자체재원),26992510,11650,서초구
일반회계,건강관리과,통합건강증진사업,행사운영비,99940,11650,서초구
일반회계,어르신행복과,노인사회활동지원사업,시책추진업무추진비,165200,11650,서초구
일반회계,여성보육과,어린이집 특화보육 지원,사회복지시설법정운영비보조,114883900,11650,서초구
일반회계,여성보육과,서초구 행복한 첫출발 가족 사업,사무관리비,6283200,11650,서초구
일반회계,여성보육과,부모모니터링단 운영,사회복지사업보조,1000000,11650,서초구
일반회계,복지정책과,위기가정통합지원센터 운영,사무관리비,198000,11650,서초구
일반회계,여성보육과,여성친화도시 조성,공공운영비,30000,11650,서초구
일반회계,보육지원과,아이돌봄 지원,시책추진업무추진비,7386891700,11680,강남구
일반회계,여성가족과,다함께 돌봄센터 운영,시책추진업무추진비,419500,11680,강남구
일반회계,보육지원과,영유아 보육료 지원,사회복지사업보조,29461240296,11680,강남구
일반회계,사회복지과,기본경비,사무관리비,88490,11680,강남구
일반회계,보육지원과,강남구 육아종합지원센터 운영지원,시책추진업무추진비,584010910,11680,강남구
일반회계,보육지원과,구립어린이집 운영지원,사회복지시설법정운영비보조,66888000,11680,강남구
일반회계,보육지원과,민간어린이집 운영지원,사회복지시설법정운영비보조,1174787642,11680,강남구
일반회계,보육지원과,시간제보육 운영지원,사회복지시설법정운영비보조,68737144,11680,강남구
일반회계,보육지원과,어린이집 보육교직원 보수교육 지원,사회복지사업보조,830000,11680,강남구
일반회계,보육지원과,어린이집 보육교직원 인건비 지원,사회복지시설법정운영비보조,17904000,11680,강남구
일반회계,보육지원과,어린이집 보조교사 등 지원,사회복지시설법정운영비보조,1239928660,11680,강남구
일반회계,보육지원과,공기청정기 관리비용 지원,사회복지시설법정운영비보조,40080520,11680,강남구
일반회계,보육지원과,누리과정 보육료 지원,사회복지사업보조,9337150023,11680,강남구
일반회계,보육지원과,어린이집 운영지원(서울시),사회복지시설법정운영비보조,2183691270,11680,강남구
일반회계,보육지원과,어린이집 대체교사 지원,사회복지시설법정운영비보조,13199210,11680,강남구
일반회계,보육지원과,어린이집 놀이특화프로그램 지원,사회복지시설법정운영비보조,96560000,11680,강남구
일반회계,보육지원과,어린이집 급간식비 지원,사회복지시설법정운영비보조,24266800,11680,강남구
일반회계,건강관리과,산모·신생아 건강관리 지원(지역자율형 사회서비스 투자사업)(전환사업),의료및구료비,5029200,11680,강남구
일반회계,보육지원과,공동육아나눔터 운영,민간위탁금,43045100,11680,강남구
일반회계,보육지원과,공동육아방 운영,민간위탁금,299044000,11680,강남구
일반회계,보육지원과,우리동네 보육반장,민간위탁금,49252860,11680,강남구
일반회계,보육지원과,장애아 통합어린이집 운영지원,사회복지시설법정운영비보조,45987000,11680,강남구
일반회계,보육지원과,공통부모교육(전환사업),사회복지사업보조,10000000,11680,강남구
일반회계,전산정보과,노후장비 교체 및 정보통신장비 보강,자산및물품취득비,254232000,11680,강남구
일반회계,여성가족과,아동 보호 및 자립 지원,사회보장적수혜금,2900000,11680,강남구
일반회계,사회복지과,저소득주민 명절위문금 지급,사회보장적수혜금,8600000,11680,강남구
일반회계,보육지원과,강남구 육아종합지원센터 운영지원(전환사업),시책추진업무추진비,1357753090,11680,강남구
일반회계,보육지원과,공통부모교육,사회복지사업보조,30000000,11680,강남구
일반회계,개포1동,읍면동 찾아가는 보건복지통합서비스 지원,행사운영비,12000,11680,강남구
일반회계,여성보육과,아이돌봄 지원,민간위탁금,6859494800,11710,송파구
일반회계,여성보육과,한부모가족복지시설 아이돌봄 지원,사회복지사업보조,60000000,11710,송파구
일반회계,아동돌봄청소년과,드림스타트사업 운영지원,사회보장적수혜금,21755000,11710,송파구
일반회계,아동돌봄청소년과,"학교안팎 방과후학교 돌봄활성화 지원사업(온, ON, 溫 스쿨)",사회복지사업보조,107000000,11710,송파구
일반회계,여성보육과,어린이집 보육교직원 복리후생비 지원,사회복지시설법정운영비보조,39360000,11710,송파구
일반회계,여성보육과,영유아보육료 지원,사회복지시설법정운영비보조,53608281900,11710,송파구
일반회계,여성보육과,어린이집 운영 지원,사회복지시설법정운영비보조,6833325990,11710,송파구
일반회계,여성보육과,어린이집 공기청정기 설치 지원,사회복지시설법정운영비보조,143185350,11710,송파구
일반회계,여성보육과,시간제보육서비스 제공지원,사회복지시설법정운영비보조,82060000,11710,송파구
일반회계,여성보육과,3~5세 누리과정 보육료 지원,사회복지시설법정운영비보조,17400000000,11710,송파구
일반회계,여성보육과,방과후보육료 지원,사회복지시설법정운영비보조,420000,11710,송파구
일반회계,미래건강정책과,산모신생아 건강관리 본인부담금 확대지원,의료및구료비,3447900,11710,송파구
일반회계,여성보육과,공동육아방 운영,민간위탁금,252221760,11710,송파구
일반회계,여성보육과,여성정책 수립 및 행사업무추진,시책추진업무추진비,29700,11710,송파구
일반회계,여성보육과,가족학교 운영,사회복지사업보조,49618000,11710,송파구
일반회계,여성보육과,아이돌봄시비지원,민간위탁금,239666100,11710,송파구
일반회계,미래건강정책과,서울시 모든 출산가정 산후조리도우미 지원사업,공기관등에대한경상적위탁사업비,115633300,11710,송파구
일반회계,여성보육과,어린이집 명절휴가비 지원,사회복지시설법정운영비보조,30660000,11710,송파구
일반회계,아동돌봄청소년과,가정위탁보호세대 지원,사회보장적수혜금,3000000,11710,송파구
일반회계,아동돌봄청소년과,아동복지시설 지원 (자치구 재난지원금),사회복지시설법정운영비보조,7000000,11710,송파구
일반회계,여성보육과,건강가정지원센터 운영,민간위탁금,274246000,11710,송파구
일반회계,여성보육과,저소득 한부모가족 지원,사회복지사업보조,65750000,11710,송파구
일반회계,여성보육과,공동육아나눔터 운영,민간위탁금,128292000,11710,송파구
일반회계,여성보육과,송파육아종합지원센터 운영,민간위탁금,353190000,11710,송파구
일반회계,여성보육과,우리동네 보육반장 운영,사회복지사업보조,46763090,11710,송파구
일반회계,마천2동,우리동네돌봄단 운영,행사실비지원금,2618800,11710,송파구
일반회계,여성보육과,여성보육과 기본경비,사무관리비,60000,11710,송파구
일반회계,총무과,청사 시설물 기능유지,사무관리비,4200000,11710,송파구
일반회계,여성보육과,어린이집 지원(교재교구비),사회복지시설법정운영비보조,78110000,11710,송파구
일반회계,여성보육과,공동육아나눔터(2호) 설치,민간위탁사업비,8710000,11710,송파구
일반회계,복지정책과,위기가정 통합지원센터 운영,사무관리비,329600,11710,송파구
일반회계,여성보육과,어린이집 냉·난방비 지원,사회복지시설법정운영비보조,54468000,11710,송파구
일반회계,여성보육과,송파육아종합지원센터 운영(전환사업),민간위탁금,233277350,11710,송파구
일반회계,마천1동,고독사예방지원사업,행사실비지원금,180000,11710,송파구
일반회계,행정지원과,직무능력 향상교육 운영,사무관리비,33160000,11740,강동구
일반회계,복지정책과,사회복지사 등 처우개선,민간위탁금,5051750,11740,강동구
일반회계,보육지원과,보육사업 활성화,시책추진업무추진비,1902800,11740,강동구
일반회계,보육지원과,어린이집 운영지원(자체),사회복지시설법정운영비보조,871059140,11740,강동구
일반회계,보육지원과,보육교직원 인건비 지원,사회복지시설법정운영비보조,345071000,11740,강동구
일반회계,보육지원과,영유아보육료 지원,사회복지사업보조,35163336400,11740,강동구
일반회계,보육지원과,어린이집교원 보수교육,사회복지사업보조,2190000,11740,강동구
일반회계,보육지원과,어린이집 운영지원,사회복지시설법정운영비보조,5467824760,11740,강동구
일반회계,보육지원과,누리과정 담임수당 및 운영비,사회복지사업보조,8872660,11740,강동구
일반회계,보육지원과,"보육교직원 처우개선 지원(보조교사 및 보육도우미, 연장보육 인건비 등)",사회복지시설법정운영비보조,2181572970,11740,강동구
일반회계,보육지원과,어린이집 공기청정기 지원,사회복지사업보조,75835610,11740,강동구
일반회계,보육지원과,어린이집 직접 채용 대체교사 지원,사회복지시설법정운영비보조,43090430,11740,강동구
일반회계,보육지원과,서울형 모아어린이집 사업,사회복지사업보조,4200000,11740,강동구
일반회계,보건의료과,건강100세 상담센터 운영(성인지예산),시책추진업무추진비,64800,11740,강동구
일반회계,보육지원과,열린육아방 운영 지원,사무관리비,1843870,11740,강동구
일반회계,가족정책과,저소득 한부모가정 지원(성인지예산),사무관리비,75097000,11740,강동구
일반회계,가족정책과,아이돌봄지원-아이돌보미 운영,민간위탁금,3760682250,11740,강동구
일반회계,보육지원과,누리과정 보육료,사회복지사업보조,13198809000,11740,강동구
일반회계,보육지원과,방과후 보육료,사회복지사업보조,8376000,11740,강동구
일반회계,보육지원과,시간제보육서비스 제공지원(성인지예산),사회복지사업보조,30000000,11740,강동구
일반회계,구의회사무국,의정기본운영경비 지원,의정운영공통경비,49000,11740,강동구
일반회계,보육지원과,육아종합지원센터 운영(전환사업),시책추진업무추진비,566000,11740,강동구
일반회계,가족정책과,공동육아나눔터 운영,민간위탁금,57700720,11740,강동구
일반회계,보육지원과,어린이집 운영지원(어린이집 교재 교구비),사회복지사업보조,48930000,11740,강동구
일반회계,보육지원과,민간어린이집 기능보강사업,민간자본사업보조(자체재원),129522000,11740,강동구
일반회계,가족정책과,강동구 가정상담센터 운영(성인지예산),민간위탁금,225954000,11740,강동구
일반회계,보육지원과,기관공통경비 운영,시책추진업무추진비,739000,11740,강동구
일반회계,아동청소년과,취약계층아동 지원,사회보장적수혜금,3690000,11740,강동구
일반회계,행정지원과,인건비(돌봄SOS센터),보수,709188610,11740,강동구
일반회계,건강증진과,서울형 산모신생아건강관리지원사업,의료및구료비,3499650,11740,강동구
일반회계,아동청소년과,드림스타트사업 운영 지원,사회보장적수혜금,2577600,11740,강동구
일반회계,보육지원과,서울형 공유 어린이집 사업,사회복지사업보조,3500000,11740,강동구
일반회계,보육지원과,생태친화 보육사업,사회복지사업보조,10000000,11740,강동구
일반회계,보육지원과,육아종합지원센터 운영,시책추진업무추진비,703000,11740,강동구
일반회계,문화예술과,부서기본경비(문화예술과),부서운영업무추진비,60000,11740,강동구
일반회계,홍보과,홍보활동 강화,시책추진업무추진비,99000,11740,강동구
일반회계,보건위생과,공중위생업소 운영지원,시책추진업무추진비,110000,11740,강동구
일반회계,아동청소년과,"10년의 관찰, 10년의 지원, 10년의 돌봄(지역사회혁신계획)",민간위탁금,25000000,11740,강동구
일반회계,보육지원과,보육반장 운영,시책추진업무추진비,66880,11740,강동구
일반회계,보육지원과,부서기본경비(보육지원과),부서운영업무추진비,16000,11740,강동구
일반회계,보육지원과,장애아통합 어린이집 운영지원,사회복지시설법정운영비보조,84000,11740,강동구
일반회계,보육지원과,보육교직원 처우개선 지원(보조교사 및 보육도우미  연장보육 인건비),사회복지시설법정운영비보조,199268400,11740,강동구
일반회계,지역보건과,서울케어 건강돌봄서비스사업,사무관리비,9014000,11305,강북구
일반회계,번3동,우리동네 돌봄단 운영,시책추진업무추진비,6299000,11305,강북구
일반회계,여성가족과,어린이집 운영 지원(자체),사회복지시설법정운영비보조,96100000,11305,강북구
일반회계,여성가족과,어린이집 운영 지원(시비),사회복지시설법정운영비보조,2477713700,11305,강북구
일반회계,여성가족과,서울형어린이집 공인 운영,사회복지시설법정운영비보조,187749760,11305,강북구
일반회계,여성가족과,누리과정 운영 지원,사회복지시설법정운영비보조,6176110,11305,강북구
일반회계,여성가족과,영유아보육료 지원(국비),사회복지사업보조,15668022280,11305,강북구
일반회계,여성가족과,시간제보육서비스 제공 지원,사회복지시설법정운영비보조,139752100,11305,강북구
일반회계,교육지원과,혁신교육지구 추진,민간경상사업보조,20250830,11305,강북구
일반회계,여성가족과,저소득 한부모가족 지원,시책추진업무추진비,2034820,11305,강북구
일반회계,번1동,돌봄SOS센터 사업,시책추진업무추진비,139000,11305,강북구
일반회계,여성가족과,영유아보육료 지원(시비),사회복지사업보조,8692569000,11305,강북구
일반회계,여성가족과,아이돌봄 지원,사회복지사업보조,1520195000,11305,강북구
일반회계,지역보건과,모성보건사업,공공운영비,45920,11305,강북구
일반회계,여성가족과,어린이집 격려 지원,민간행사사업보조,4500000,11305,강북구
일반회계,번1동,찾아가는 동주민센터 사업 추진,사무관리비,430000,11305,강북구
일반회계,복지정책과,위기가정통합지원센터 운영,시책추진업무추진비,800000,11305,강북구
일반회계,여성가족과,공동육아나눔터 확충 및 운영,민간위탁금,150575930,11305,강북구
일반회계,여성가족과,아이돌봄 지원(시비),사회복지사업보조,93544000,11305,강북구
일반회계,생활보장과,장애인활동지원사 코로나19 돌봄 한시지원,사회보장적수혜금,32920000,11305,강북구
일반회계,여성가족과,육아종합지원센터 운영,민간위탁금,800342000,11305,강북구
일반회계,여성가족과,우리동네 보육반장,민간위탁금,36900000,11305,성동구
일반회계,여성가족과,아동학대 예방사업,민간위탁금,50000000,11305,강북구
일반회계,여성가족과,어린이집 안전관리관 운영,민간위탁금,37480000,11305,강북구
일반회계,여성가족과,어린이집 대체 조리사 지원,민간위탁금,25400000,11305,강북구
일반회계,여성가족과,미아동 공동육아방 운영 지원,민간위탁금,64926000,11305,강북구
일반회계,안전치수과,하수시설물 보수,재료비,264000,11305,강북구
일반회계,여성가족과,보조교사 인건비 지원(시비),사회복지시설법정운영비보조,19555000,11305,강북구
일반회계,여성가족과,보육교직원 인건비 지원(국비),사회복지시설법정운영비보조,37716360,11305,강북구
일반회계,여성가족과,보육교직원 처우개선 지원(보조교사·연장교사),사회복지시설법정운영비보조,84936970,11305,강북구
일반회계,여성가족과,저소득 한부모가족 명절위문금 지원,사회보장적수혜금,49800000,11305,강북구
일반회계,행정지원과,기본경비(구본청),기관운영업무추진비,394000,11305,강북구
일반회계,여성가족과,어린이집 운영 지원(국비),사회복지시설법정운영비보조,12349400,11305,강북구
일반회계,청소년과,우리동네키움센터 설치,자산및물품취득비,13747510,11305,강북구
일반회계,여성가족과,장애아통합(전문)어린이집 운영 지원,사회복지시설법정운영비보조,41250000,11305,강북구
일반회계,여성가족과,육아종합지원센터 부모교육(전환사업),민간위탁금,30000000,11305,강북구
일반회계,여성가족과,어린이집 직접 채용 대체교사 지원,민간위탁금,135807000,11305,강북구
일반회계,여성가족과,건강가정·다문화가족지원센터 운영,민간위탁금,77698090,11305,강북구
일반회계,가정복지과,기타 어린이집 운영비(어린이집 운영 지원),사회복지시설법정운영비보조,1758988000,11215,광진구
일반회계,가정복지과,보육아동 간식비,사회복지시설법정운영비보조,8749820,11215,광진구
일반회계,가정복지과,어린이집 냉난방비 지원,사회복지시설법정운영비보조,69250000,11215,광진구
일반회계,가정복지과,시간제보육서비스 제공지원,사회복지시설법정운영비보조,46479560,11215,광진구
일반회계,가정복지과,어린이집 상해.배상보험 지원,사회복지사업보조,24450,11215,광진구
일반회계,가정복지과,어린이집 누리과정 보조금 지원,사회복지시설법정운영비보조,8328110,11215,광진구
일반회계,가정복지과,기타 어린이집 운영비(특화보육사업),사회복지시설법정운영비보조,11806000,11215,광진구
일반회계,가정복지과,건강가정지원센터 운영,민간위탁금,524710000,11215,광진구
일반회계,가정복지과,영유아보육료 지원,사회복지시설법정운영비보조,20417619300,11215,광진구
일반회계,가정복지과,누리과정보육료 지원,사회복지시설법정운영비보조,6825219000,11215,광진구
일반회계,아동청년과,지역아동센터 운영 지원,민간위탁금,107000000,11215,광진구
일반회계,아동청년과,공동생활가정(그룹홈) 특별지원,사회복지시설법정운영비보조,10200000,11215,광진구
일반회계,보건지소,건강돌봄 서비스,공공운영비,2160500,11215,광진구
일반회계,가정복지과,임신부 가사돌봄서비스 지원,민간위탁금,73535000,11215,광진구
일반회계,복지정책과,소나무센터(위기가정 통합지원센터) 운영,시책추진업무추진비,751300,11215,광진구
일반회계,가정복지과,보육교직원 복리후생비,사회복지사업보조,26270000,11215,광진구
일반회계,가정복지과,방과후보육료 지원,사회복지시설법정운영비보조,1065400,11215,광진구
일반회계,가정복지과,저소득 한부모 가족 지원,사회보장적수혜금,38370000,11215,광진구
일반회계,가정복지과,아이돌봄지원,민간위탁금,2133740900,11215,광진구
일반회계,가정복지과,육아종합지원센터 운영 지원,민간위탁금,3115036240,11215,광진구
일반회계,가정복지과,공동육아방 운영,민간위탁금,102018000,11215,광진구
일반회계,일자리정책과,마을기업 육성,민간경상사업보조,50000000,11215,광진구
일반회계,사회복지장애인과,장애인활동지원 코로나19 돌봄 한시지원,사회보장적수혜금,100516000,11215,광진구
일반회계,복지정책과,우리동네돌봄단 사업,시책추진업무추진비,433100,11215,광진구
일반회계,가정복지과,"보조교사 및 보육도우미, 연장보육 전담교사 지원사업",사회복지시설법정운영비보조,732950,11215,광진구
일반회계,가정복지과,어린이집 교원 보수교육,사회복지시설법정운영비보조,220000,11215,광진구
일반회계,건강관리과,지역사회 통합건강증진사업(건강관리과),행사운영비,700000,11215,광진구
일반회계,아동청소년과,다함께 돌봄 사업,사회복지사업보조,65232000,11350,노원구
일반회계,아동청소년과,아픈아이돌봄서비스 운영 지원,사무관리비,7077360,11350,노원구
일반회계,여성가족과,어린이집 운영 및 개선,사회복지사업보조,1599180000,11350,노원구
일반회계,여성가족과,영유아 보육료 지원,사회복지사업보조,46302035060,11350,노원구
일반회계,여성가족과,어린이집 운영지원,사회복지사업보조,3735319960,11350,노원구
일반회계,여성가족과,시간제 보육사업,사회복지사업보조,77915510,11350,노원구
일반회계,여성가족과,어린이집 지원(보육교직원 처우개선),사회복지사업보조,621620470,11350,노원구
일반회계,아동청소년과,지역아동센터 운영비 지원,사회복지사업보조,6600000,11350,노원구
일반회계,아동청소년과,노원구 온종일돌봄사업단 운영,민간위탁금,292576000,11350,노원구
일반회계,아동청소년과,드림스타트 운영,사무관리비,533000,11350,노원구
일반회계,복지정책과,사회복무요원 관리(전환사업),사회복무요원보상금,17633380,11350,노원구
일반회계,복지정책과,노원 똑똑똑 돌봄단(우리동네 돌봄단) 운영,기타보상금,651251100,11350,노원구
일반회계,여성가족과,아이 돌봄 지원 사업,사회복지사업보조,2493241000,11350,노원구
일반회계,여성가족과,공동육아방 운영,사회복지사업보조,655668000,11350,노원구
일반회계,여성가족과,육아종합지원센터,사회복지사업보조,536236000,11350,노원구
일반회계,여성가족과,보육교직원 인건비 및 운영지원(보육교직원 처우개선 지원),사회복지사업보조,750699710,11350,노원구
일반회계,여성가족과,우리동네 보육반장 등 공동육아 지원,사회복지사업보조,57401790,11350,노원구
일반회계,복지정책과,위기가정 통합지원센터 운영,시책추진업무추진비,98000,11350,노원구
일반회계,아동청소년과,요보호아동 지원사업,사회보장적수혜금,2947500,11350,노원구
일반회계,여성가족과,한부모가족 지원,사회보장적수혜금,8943980,11350,노원구
일반회계,건강증진과,건강돌봄서비스 사업,기타보상금,129500,11350,노원구
일반회계,여성가족과,건강가정지원센터운영,민간위탁금,404025060,11350,노원구
일반회계,여성가족과,공동육아나눔터 운영,사회복지사업보조,61629760,11350,노원구
일반회계,여성가족과,보육교직원 인건비 및 운영지원(보육교직원 인건비 지원),사회복지사업보조,113165050,11350,노원구
일반회계,여성가족과,어린이집 지원(어린이집 운영),사회복지사업보조,172800000,11350,노원구
일반회계,여성가족과,보육교직원 인건비 및 운영지원(직접채용 대체교사 지원),사회복지사업보조,2715470,11350,노원구
일반회계,아동청소년과,다함께돌봄 아이휴센터 조성,사무관리비,1036191500,11350,노원구
일반회계,여성가족과,한부모가족 자녀 학습 지원,사회복지사업보조,46250000,11350,노원구
일반회계,아동청소년과,아동보호전담요원 사업 운영,사회보장적수혜금,650000,11350,노원구
일반회계,여성가족과,한부모가족복지시설 아이돌봄서비스 지원,사회복지사업보조,23000000,11350,노원구
일반회계,중계4동,동주민센터 운영기본경비,공공운영비,220000,11350,노원구
일반회계,여성가족과,어린이집 공기청정기 지원,사회복지사업보조,276434090,11350,노원구
일반회계,행정지원과,기본경비,기관운영업무추진비,460000,11350,노원구
일반회계,여성가족과,여성 안심마을 지원,시책추진업무추진비,62200,11350,노원구
일반회계,여성가족과,출산 장려,사회보장적수혜금,124373700,11350,노원구
일반회계,아동청소년과,노원구 아동보호전문기관 운영,사회보장적수혜금,2819000,11350,노원구
일반회계,아동청소년과,노원아동보호전문기관(방문형 가족회복 프로그램) ,사회보장적수혜금,13118030,11350,노원구
일반회계,여성가족과,양성평등정책 추진기반 강화,시책추진업무추진비,42600,11350,노원구
일반회계,여성가족과,공공건축물 그린리모델링 사업(국공립어린이집),시설비,2090000,11350,노원구
일반회계,여성가족과,보육행사 운영,행사운영비,1234000,11350,노원구
일반회계,여성가족과,어린이집 운영 지원(시비),사회복지시설법정운영비보조,2220730330,11320,도봉구
일반회계,여성가족과,보조교사 지원(시비),사회복지시설법정운영비보조,623644590,11320,도봉구
일반회계,여성가족과,어린이집 기타 운영비 지원,사회복지시설법정운영비보조,356260000,11320,도봉구
일반회계,여성가족과,서울형 어린이집 운영지원,사회복지시설법정운영비보조,1434593860,11320,도봉구
일반회계,여성가족과,보육교직원 인건비 지원,사회복지시설법정운영비보조,1236080370,11320,도봉구
일반회계,여성가족과,영유아보육료 지원,사회복지사업보조,19508125900,11320,도봉구
일반회계,여성가족과,누리과정 지원,사회복지사업보조,7309421150,11320,도봉구
일반회계,여성가족과,어린이집 교원 보수교육,사회복지시설법정운영비보조,2660000,11320,도봉구
일반회계,여성가족과,보조교사 지원(국고),사회복지시설법정운영비보조,871863280,11320,도봉구
일반회계,여성가족과,어린이집 대체교사 지원,사회복지시설법정운영비보조,44208960,11320,도봉구
일반회계,여성가족과,공유어린이집 운영지원(시비),사회복지시설법정운영비보조,3200000,11320,도봉구
일반회계,여성가족과,육아종합지원센터 운영지원,민간위탁금,721371998,11320,도봉구
일반회계,여성가족과,장애아통합어린이집 운영지원,사회복지시설법정운영비보조,14791660,11320,도봉구
일반회계,여성가족과,육아종합지원센터 설치 운영(전환사업),민간위탁금,354974440,11320,도봉구
일반회계,여성가족과,시간제보육 사업운영관리,사회복지시설법정운영비보조,150369290,11320,도봉구
일반회계,여성가족과,생태친화 보육 지원,사회복지시설법정운영비보조,137172000,11320,도봉구
일반회계,지역보건과,서울케어 건강돌봄서비스 사업,시책추진업무추진비,1977620,11320,도봉구
일반회계,여성가족과,공동육아나눔터 운영,민간위탁금,372701560,11320,도봉구
일반회계,복지정책과,우리동네 돌봄단 사업,기타보상금,226575000,11320,도봉구
일반회계,여성가족과,어린이집 시설개선,민간위탁사업비,8600000,11320,도봉구
일반회계,여성가족과,저소득가정 자녀 지원,사회보장적수혜금,2360000,11320,도봉구
일반회계,여성가족과,방과후교실 운영지원,사회복지사업보조,7000000,11320,도봉구
일반회계,여성가족과,우리동네보육반장 운영지원,민간위탁금,44475000,11320,도봉구
일반회계,교육지원과,도봉형 돌봄체계 구축,시책추진업무추진비,1754200,11320,도봉구
일반회계,여성가족과,건강가정·다문화가족지원센터 운영,민간위탁금,264163000,11320,도봉구
일반회계,여성가족과,아이돌봄 지원사업,사회복지사업보조,2367444000,11320,도봉구
일반회계,여성가족과,저소득 한부모가족 지원,사회보장적수혜금,48740000,11320,도봉구
일반회계,복지정책과,통합사례관리사업,공공운영비,90850,11320,도봉구
일반회계,지역보건과,기본경비,공공운영비,3220,11320,도봉구
일반회계,신경제일자리과,창업보육센터 운영,시책추진업무추진비,970000,11320,도봉구
일반회계,여성가족과,아동보호전담요원 사업비,의료및구료비,4745000,11320,도봉구
일반회계,여성가족과,여성 친화적 문화행사,행사실비지원금,360000,11320,도봉구
일반회계,여성가족과,그린 리모델링 사업,시설비,44420000,11320,도봉구
일반회계,도봉2동,읍면동 찾아가는 보건복지통합서비스 지원(도봉구 동 사례관리사업),사회보장적수혜금,1020000,11320,도봉구
일반회계,교육지원과,혁신교육지구 추진,민간경상사업보조,22500000,11320,도봉구
일반회계,총무과,인력운영비(돌봄SOS센터 돌봄매니저),보수,34860820,11200,성동구
일반회계,여성가족과,건강가정지원센터 운영(보조)(0:50:50)(30:20:50),시책추진업무추진비,406640000,11200,성동구
일반회계,여성가족과,어린이집 운영 지원(보조)(0:50:50)(0:70:30)(0:100:0),사회복지시설법정운영비보조,550100000,11200,성동구
일반회계,여성가족과,영유아보육료 지원(보조)(45:38.5:16.5),사회복지시설법정운영비보조,22354534000,11200,성동구
일반회계,여성가족과,방과후 보육료(보조)(0:79:21),사회복지시설법정운영비보조,6850000,11200,성동구
일반회계,여성가족과,만3~5세 누리과정 보육료(보조)(0:100:0),사회복지시설법정운영비보조,5900000000,11200,성동구
일반회계,여성가족과,시간제보육서비스 제공 지원(보조)(50:25:25),사회복지시설법정운영비보조,15000000,11200,성동구
일반회계,여성가족과,보육교직원 인건비 지원(보조)(30:49:21)(0:79:21)(0:100:0),사회복지시설법정운영비보조,17737286980,11200,성동구
일반회계,여성가족과,특화보육 지원(보조)(0:50:50)(0:70:30)(0:100:0),사회복지시설법정운영비보조,88705590,11200,성동구
일반회계,질병예방과,건강돌봄서비스 체계 구축(보조)(0:75:25),시책추진업무추진비,20507500,11200,성동구
일반회계,여성가족과,보육정책 수립,시책추진업무추진비,1440000,11200,성동구
일반회계,여성가족과,임산부 가사돌봄 지원사업,민간위탁금,235200000,11200,성동구
일반회계,여성가족과,아이돌봄지원(보조)(30:35:35)(0:50:50),사회복지사업보조,1789200000,11200,성동구
일반회계,아동청년과,온종일 돌봄시설 확충 및 운영(보조),사무관리비,33858500,11200,성동구
일반회계,여성가족과,보육사업 활성화 지원,민간경상사업보조,1500000,11200,성동구
일반회계,여성가족과,아이돌봄 지원사업(아이돌봄 종일제 추가수당)(보조)(0:100:0),사회복지사업보조,104425900,11200,성동구
일반회계,일자리정책과,시·구 상향적·협력적 일자리창출사업(보조),민간경상사업보조,111794000,11200,성동구
일반회계,여성가족과,장난감세상 운영,민간위탁금,275292000,11200,성동구
일반회계,여성가족과,육아종합지원센터 운영,민간위탁금,356941780,11200,성동구
일반회계,여성가족과,놀이체험실 운영(보조)(0:50:50),민간위탁금,268083240,11200,성동구
일반회계,여성가족과,장애아지원프로그램 운영(보조)(0:50:50),민간위탁금,93580000,11200,성동구
일반회계,여성가족과,공동육아방 운영(보조),민간위탁금,104143500,11200,성동구
일반회계,여성가족과,우리동네 보육반장(보조)(0:100:0),민간위탁금,31132500,11200,성동구
일반회계,건강관리과,산모신생아건강관리지원(자격확인 대상자 본인부담금)(보조)(0:50:50),의료및구료비,675000,11200,성동구
일반회계,여성가족과,저소득 한부모가족 지원,사회보장적수혜금,19840000,11200,성동구
일반회계,여성가족과,미혼모·미혼부 냉난방비 지원,사회보장적수혜금,1300000,11200,성동구
일반회계,청소행정과,종량제봉투 공급 관리,사무관리비,48958780,11200,성동구
일반회계,여성가족과,육아종합지원센터 운영(전환사업),민간위탁금,93658220,11200,성동구
재난관리기금,치수과,재난관리(재난관리기금),사무관리비,16158140,11200,성동구
일반회계,문화체육과,직장 운동경기부 운영(보조),예술단원ㆍ운동부등보상금,4676200,11200,성동구
일반회계,여성가족과,어린이집 배상보험 지원(보조),공공운영비,24450,11200,성동구
일반회계,여성가족과,특화보육 지원(보조)(0:50:50)(0:70:30),사회복지시설법정운영비보조,1800000,11200,성동구
일반회계,여성가족과,공동육아방 운영,민간위탁금,29073500,11200,성동구
일반회계,아동청년과,온종일 돌봄시설 확충 및 운영,민간위탁금,32550000,11200,성동구
일반회계,총무과,인력운영비(총무과),보수,35543880,11200,성동구
일반회계,여성가족과,성북구 육아종합지원센터 운영(전환사업),공사ㆍ공단경상전출금,215137167,11290,성북구
일반회계,여성가족과,시간제 보육사업 지원,사회복지시설법정운영비보조,294304047,11290,성북구
일반회계,복지정책과,위기가정 통합지원센터 사업추진,시책추진업무추진비,695900,11290,성북구
일반회계,여성가족과,영유아 보육료 지원,사회복지사업보조,28749183560,11290,성북구
일반회계,여성가족과,어린이집 운영 지원,사회복지사업보조,1652700000,11290,성북구
일반회계,여성가족과,만3∼5세 누리과정 보육료 지원,사회복지사업보조,8457000000,11290,성북구
일반회계,여성가족과,사회복무요원 관리,사회복무요원보상금,2604000,11290,성북구
일반회계,여성가족과,아이돌봄 지원사업,사회복지사업보조,2789400000,11290,성북구
일반회계,여성가족과,한부모가족 지원사업,사회보장적수혜금,11500000,11290,성북구
일반회계,여성가족과,드림스타트사업,사회보장적수혜금,1160000,11290,성북구
일반회계,건강관리과,미혼모자 의료비 지원사업,의료및구료비,3794520,11290,성북구
일반회계,여성가족과,보조금 집행잔액 반환금,국고보조금반환금,8207580,11290,성북구
일반회계,여성가족과,어린이집 위탁 지원,사무관리비,1200000,11290,성북구
일반회계,여성가족과,한부모가족복지시설 아이돌봄서비스,사회복지사업보조,66550000,11290,성북구
일반회계,여성가족과,공동육아나눔터 운영,사회복지시설법정운영비보조,54846000,11290,성북구
일반회계,교육지원과,혁신교육 추진,민간경상사업보조,69680000,11290,성북구
일반회계,여성가족과,어린이집 유지 보수,민간위탁사업비,56539000,11290,성북구
일반회계,여성가족과,임산부 및 영유아 양육가정 이동서비스 지원,시책추진업무추진비,300000,11290,성북구
일반회계,여성가족과,우리동네키움센터 설치 운영,사무관리비,820000,11290,성북구
일반회계,여성가족과,지역아동센터 지원,공공운영비,1516000,11290,성북구
일반회계,여성가족과,위기가정 상담 프로그램,사회복지사업보조,20000000,11290,성북구
일반회계,여성가족과,다양한가족 지원사업 및 건강증진사업,민간경상사업보조,55500000,11290,성북구
일반회계,여성가족과,성북구 육아종합지원센터 운영,공사ㆍ공단경상전출금,493065000,11290,성북구
일반회계,여성가족과,어린이집 운영지원(보조-운영비 등 지원),사회복지사업보조,942150360,11170,용산구
일반회계,여성가족과,누리·방과후 보육료 지원(보조),사회복지사업보조,4933095000,11170,용산구
일반회계,여성가족과,시간제보육서비스 제공지원(국고),사회복지사업보조,31009030,11170,용산구
일반회계,여성가족과,영유아보육료 지원(국고),사회복지사업보조,14083958560,11170,용산구
일반회계,남영동,우리동네돌봄단(보조),행사실비지원금,2602000,11170,용산구
일반회계,여성가족과,어린이집 운영지원,시책추진업무추진비,82697200,11170,용산구
일반회계,여성가족과,어린이집 보조교사 지원(보조),사회복지시설법정운영비보조,815808990,11170,용산구
일반회계,여성가족과,어린이집 운영 지원(보조-취약(맞춤) 보육지원),사회복지사업보조,403550000,11170,용산구
일반회계,어르신청소년과,지역 드림스타트 통합사례관리 지원(국고),사회복지사업보조,7150000,11170,관악구
일반회계,여성가족과,보육정책활성화 지원,시책추진업무추진비,2110860,11170,용산구
일반회계,어르신청소년과,보호대상아동 지원,사회보장적수혜금,10640000,11170,용산구
일반회계,여성가족과,아이돌봄지원(국고),민간위탁금,1795500000,11170,용산구
일반회계,어르신청소년과,아동보호 지원(국고),사회보장적수혜금,2165000,11170,용산구
일반회계,의회사무국,의정활동 지원,의정운영공통경비,2000000,11170,용산구
일반회계,여성가족과,보조금 반환,국고보조금반환금,895420,11170,용산구
일반회계,여성가족과,어린이집 운영지원(국고),사회복지사업보조,24900000,11170,용산구
일반회계,어르신청소년과,아동보호 지원,사회보장적수혜금,990000,11170,용산구
일반회계,여성가족과,건강가정 및 다문화가족 지원센터 운영(국고),민간위탁금,99360000,11170,용산구
일반회계,여성가족과,아이돌봄지원(보조),민간위탁금,129921000,11170,용산구
일반회계,여성가족과,공동육아나눔터 운영(국고),민간위탁금,75713340,11170,용산구
일반회계,여성가족과,육아종합지원센터 운영(보조)(전환사업),민간위탁금,477504700,11170,용산구
일반회계,여성가족과,한부모가족복지시설 아이돌봄서비스 지원(국고),사회복지사업보조,18000000,11170,용산구
일반회계,여성가족과,공동육아방 운영(보조),민간위탁금,40008000,11170,용산구
일반회계,여성가족과,저소득 한부모가족 지원,사회보장적수혜금,25050000,11170,용산구
일반회계,여성가족과,한부모시설 지원,사회보장적수혜금,5360000,11170,용산구
일반회계,공원녹지과,가로녹지대 정비 및 유지관리,공공운영비,264000,11170,용산구
일반회계,여성가족과,어린이집 시설관리,사무관리비,1500000,11170,용산구
일반회계,여성가족과,건강가정지원센터 운영(보조),민간위탁금,14840000,11170,용산구
일반회계,감사담당관,일상감사 및 계약원가심사,사무관리비,297000,11170,용산구
일반회계,여성가족과,육아종합지원센터 운영(보조),민간위탁금,263976850,11170,용산구
일반회계,교통행정과,어르신 돌봄카 운영,시책추진업무추진비,30164600,11110,종로구
일반회계,교육과,학교교육경비 지원,시책추진업무추진비,100000,11110,종로구
일반회계,지역건강과,보건행정서비스 품질 개선,시책추진업무추진비,180000,11110,종로구
일반회계,지역건강과,웰니스센터 운영,시책추진업무추진비,478700,11110,종로구
일반회계,복지정책과,위기가정 통합지원센터 운영,사무관리비,2331770,11110,종로구
일반회계,아동보육과,어린이집 업무기능 강화,시책추진업무추진비,7293750,11110,종로구
일반회계,아동보육과,보육사업,사회복지시설법정운영비보조,683076880,11110,종로구
일반회계,교육과,혁신교육지구 사업,사무관리비,486900,11110,종로구
일반회계,아동보육과,국·시비보조금 사용잔액 반납,국고보조금반환금,28747210,11110,종로구
일반회계,아동보육과,어린이집 운영 지원,민간위탁금,64575000,11110,종로구
일반회계,아동보육과,어린이집 교원 보수교육(보조),사회복지시설법정운영비보조,70000,11110,종로구
일반회계,아동보육과,보육교직원 처우개선 지원(보조),사회복지시설법정운영비보조,116392930,11110,종로구
일반회계,아동보육과,어린이집 근무환경개선 지원(보조),사회복지시설법정운영비보조,27849830,11110,종로구
일반회계,아동보육과,어린이집 급간식비 지원,사회복지시설법정운영비보조,16656320,11110,종로구
일반회계,어르신여성과,아이돌봄 지원사업(보조),민간위탁금,1203000000,11110,종로구
일반회계,아동보육과,영유아보육료 지원(보조),사회복지사업보조,11977930000,11110,종로구
일반회계,아동보육과,시간제보육서비스 제공지원(보조),사회복지사업보조,93026010,11110,종로구
일반회계,아동보육과,한옥 육아어울림센터 운영,공공운영비,757800,11110,종로구
일반회계,아동보육과,공동육아방 운영,민간위탁금,71115640,11110,종로구
일반회계,아동보육과,어린이집 그린리모델링(보조),사무관리비,1654420,11110,종로구
일반회계,일자리경제과,서울형 뉴딜일자리,사무관리비,166200,11110,종로구
일반회계,지역건강과,급성감염병 관리,시책추진업무추진비,1257350,11110,종로구
일반회계,행정지원과,구청사 노후시설 보수·정비,시설비,2343000,11110,종로구
일반회계,어르신여성과,한부모가족복지시설 아이돌봄 지원사업(보조),민간위탁금,45000000,11110,종로구
일반회계,아동보육과,육아종합지원센터 운영 지원(보조)(전환사업),민간위탁금,428395850,11110,종로구
일반회계,창신3동,서울 돌봄SOS센터 설치 운영,시책추진업무추진비,446000,11110,종로구
일반회계,어르신여성과,건강가정지원센터 운영 지원(보조),민간위탁금,341440000,11110,종로구
일반회계,어르신여성과,공동육아나눔터 운영지원(보조),민간위탁금,54846000,11110,종로구
일반회계,보건위생과,보건소 청사 관리,사무관리비,660000,11110,종로구
일반회계,어르신가족과,아동보호전담요원 운영(보조),사회보장적수혜금,240000,11110,종로구
일반회계,문화과,문화재 돌봄사업,민간경상사업보조,593500000,11110,종로구
일반회계,보육지원과,어린이집 운영지원(보조),사회복지시설법정운영비보조,5000000,11110,종로구
일반회계,보육지원과,고위험 임신부 가사돌봄 지원사업,사회보장적수혜금,650000,11110,종로구
일반회계,교육아동청소년과,중구모든아이돌봄사업,시책추진업무추진비,3244672300,11140,중구
일반회계,여성보육과,임신부 가사돌봄 지원,사회보장적수혜금,10119000,11140,중구
일반회계,시민건강과,건강돌봄서비스 사업,시책추진업무추진비,3202400,11140,중구
일반회계,여성보육과,어린이집 특수사업 지원,사무관리비,69305910,11140,중구
일반회계,여성보육과,어린이집운영비지원(보조),사회복지시설법정운영비보조,525861120,11140,중구
일반회계,여성보육과,어린이집교원보수교육(보조),사회복지시설법정운영비보조,600000,11140,중구
일반회계,여성보육과,만3~5세아담임수당(보조),사회복지시설법정운영비보조,242651050,11140,중구
일반회계,여성보육과,만3~5세누리과정보육료지원(보조),사회복지사업보조,5164088000,11140,중구
일반회계,여성보육과,시간제보육서비스제공지원(보조),사회복지시설법정운영비보조,99800000,11140,중구
일반회계,여성보육과,보육돌봄서비스(보육교직원처우개선지원)(보조),사회복지시설법정운영비보조,201620170,11140,중구
일반회계,여성보육과,어린이집공기청정기보급지원(보조),사회복지시설법정운영비보조,28905560,11140,중구
일반회계,여성보육과,영유아보육료지원(보조),사회복지사업보조,11209847200,11140,중구
일반회계,여성보육과,아이돌봄 지원(보조),민간위탁금,1427425000,11140,중구
일반회계,도심산업과,을지로 도심산업 활성화거리 조성,시책추진업무추진비,415750,11140,중구
일반회계,여성보육과,건강가정지원센터 운영(보조),민간위탁금,399140000,11140,중구
일반회계,시민건강과,건강돌봄서비스 사업( 인력운영비),기타직보수,7564950,11140,중구
일반회계,명동,명동배움터 운영,행사운영비,900000,11140,중구
일반회계,여성보육과,아이돌봄 추가 지원(종일제 및 한부모),민간위탁금,75780220,11140,중구
일반회계,다산동,사회단체 협력 지원,민간경상사업보조,840000,11140,중구
일반회계,여성보육과,우리동네 보육반장 운영지원,공사ㆍ공단경상전출금,25830000,11140,중구
일반회계,여성보육과,공동육아나눔터 운영(보조),민간위탁금,70907600,11140,중구
일반회계,청구동,취약계층을 위한 복지프로젝트 운영,사무관리비,19200000,11140,중구
일반회계,교육아동청소년과,우리동네키움센터 운영,공사ㆍ공단경상전출금,139150000,11140,중구
일반회계,교육아동청소년과,학교돌봄터 공모사업(기타운영비),공사ㆍ공단경상전출금,648000000,11140,중구
일반회계,복지지원과,위기가정 통합지원센터 운영,사회보장적수혜금,195400,11140,중구
일반회계,여성보육과,육아종합지원센터 운영(보조)(전환사업),공사ㆍ공단경상전출금,1132850000,11140,중구
일반회계,여성보육과,공동육아방운영지원(보조),공사ㆍ공단경상전출금,13008000,11140,중구
일반회계,행정지원과,기본경비,기관운영업무추진비,300000,11140,중구
일반회계,문화관광과,문화재 돌봄사업,기간제근로자등보수,1500000,11140,중구
일반회계,여성보육과,저소득 한부모가족 지원,사회보장적수혜금,19750000,11140,중구
일반회계,교육아동청소년과,드림스타트 사업,행사실비지원금,683224,11140,중구
일반회계,다산동,다산배움터 운영,행사운영비,1210000,11140,중구
일반회계,행정지원과,인력운영비(구 · 동직원),기타직보수,944000,11140,중구
일반회계,가족정책과,국·시비보조금 집행잔액 반환(가족정책과),시ㆍ도비보조금반환금,1756750,11380,은평구
일반회계,가족정책과,온마을 아동돌봄,행사운영비,126000000,11380,은평구
일반회계,가족정책과,아이돌봄지원사업 운영,민간위탁금,2467680000,11380,은평구
일반회계,가족정책과,건강가정지원센터 운영,민간위탁금,442250000,11380,은평구
일반회계,가족정책과,아이돌봄지원사업 시비지원,민간위탁금,132011000,11380,은평구
일반회계,가족정책과,보호대상아동 지원,시책추진업무추진비,603600,11380,은평구
일반회계,가족정책과,공동육아나눔터 운영,민간위탁금,146481000,11380,은평구
일반회계,가족정책과,한부모가족복지시설 아이돌봄지원사업,사회복지시설법정운영비보조,47150000,11380,은평구
일반회계,가족정책과,저소득 한부모가정 지원,사회보장적수혜금,58950000,11380,은평구
일반회계,여성가족과,건강가정지원센터 운영지원,민간위탁금,316861840,11260,중랑구
일반회계,여성가족과,어린이집 운영지원,사회복지시설법정운영비보조,3353374000,11260,중랑구
일반회계,여성가족과,영유아보육료 지원,사회복지시설법정운영비보조,30031199550,11260,중랑구
일반회계,여성가족과,시간제보육서비스 제공지원,사회복지시설법정운영비보조,94606000,11260,중랑구
일반회계,여성가족과,공동육아나눔터 운영지원,민간위탁금,58741330,11260,중랑구
일반회계,여성가족과,방과후교실 운영지원,사회복지시설법정운영비보조,36100000,11260,중랑구
일반회계,여성가족과,구청직장어린이집 운영지원,민간위탁금,3140000,11260,중랑구
일반회계,여성가족과,육아종합지원센터 운영지원(전환사업),민간위탁금,1095181620,11260,중랑구
일반회계,여성가족과,공동육아방 운영지원,민간위탁금,539618000,11260,중랑구
일반회계,여성가족과,아이돌봄 지원,민간위탁금,2671700000,11260,중랑구
일반회계,여성가족과,아동보호전담요원 사업비 지원,사회보장적수혜금,5003180,11260,중랑구
일반회계,여성가족과,누리과정 지원,사회복지시설법정운영비보조,12000000000,11260,중랑구
일반회계,여성가족과,서울형 공유어린이집 운영 지원,민간위탁금,720000,11260,중랑구
일반회계,여성가족과,아이돌봄 지원(시비),민간위탁금,38924000,11260,중랑구
일반회계,복지정책과,위기가정 통합지원센터 운영,행사운영비,4148000,11260,중랑구
일반회계,가정복지과,일반 영유아 복지 지원,시책추진업무추진비,100503720,11230,동대문구
일반회계,가정복지과,아이돌봄지원,사회복지시설법정운영비보조,2100100000,11230,동대문구
일반회계,가정복지과,어린이집 운영개선,사회복지시설법정운영비보조,251548470,11230,동대문구
일반회계,가정복지과,시간제보육서비스 제공지원,사회복지시설법정운영비보조,90321470,11230,동대문구
일반회계,가정복지과,영유아보육료 지원(만0~2세),사회복지시설법정운영비보조,23967804950,11230,동대문구
일반회계,가정복지과,영유아보육료 지원(만3~5세 누리과정),사회복지시설법정운영비보조,8215953670,11230,동대문구
일반회계,가정복지과,방과후 보육료,사회복지시설법정운영비보조,38996300,11230,동대문구
일반회계,가정복지과,만3~5세 담임수당,사회복지시설법정운영비보조,675944160,11230,동대문구
일반회계,가정복지과,특화보육 지원,사회복지시설법정운영비보조,9700000,11230,동대문구
일반회계,가정복지과,어린이집 운영지원(운영비 등),사회복지시설법정운영비보조,3180925750,11230,동대문구
일반회계,가정복지과,육아종합지원센터 운영(전환사업),민간위탁금,1090394170,11230,동대문구
일반회계,가정복지과,건강가정지원센터 운영,민간위탁금,415540000,11230,동대문구
일반회계,가정복지과,아이돌봄지원(추가 지원),사회복지사업보조,106091000,11230,동대문구
일반회계,가정복지과,공동육아나눔터 운영지원,사회복지사업보조,109692000,11230,동대문구
일반회계,가정복지과,어린이집 운영지원(교재·교구비),사회복지시설법정운영비보조,90320000,11230,동대문구
일반회계,가정복지과,공동육아활성화 사업,사회복지사업보조,335500000,11230,동대문구
일반회계,가정복지과,생태친화 어린이집 운영,민간위탁금,4590000,11230,동대문구
일반회계,가정복지과,어린이집 교원 보수교육,사회복지시설법정운영비보조,690000,11230,동대문구
일반회계,가정복지과,어린이집 기능보강 지원,민간자본사업보조(자체재원),59295000,11230,동대문구
일반회계,가정복지과,보육교직원 처우개선 지원(처우개선 지원 등),사회복지시설법정운영비보조,280000,11230,동대문구
일반회계,복지정책과,"위기가정통합지원센터
운영",시책추진업무추진비,1000000,11230,동대문구
일반회계,아동청소년과,드림스타트 사업,사회복지사업보조,6360000,11230,동대문구
일반회계,아동청소년과,우리동네키움센터(운영비),시책추진업무추진비,292100,11230,동대문구
일반회계,여성가족과,육아종합지원센터 운영지원(보조)(전환사업),사회복지시설법정운영비보조,345563240,11620,관악구
일반회계,여성가족과,우리동네 보육반장 운영,사회복지시설법정운영비보조,52047250,11620,관악구
일반회계,노인청소년과,아동통합서비스(드림스타트) 운영,사회복지사업보조,36305000,11620,관악구
일반회계,여성가족과,어린이집 운영지원(시비보조),사회복지시설법정운영비보조,1985248000,11620,관악구
일반회계,여성가족과,만3~5세 누리과정 보육료,사회복지사업보조,9581148800,11620,관악구
일반회계,여성가족과,만0~2세 등 보육료,사회복지사업보조,23421317000,11620,관악구
일반회계,여성가족과,방과후 보육료,사회복지시설법정운영비보조,25713440,11620,관악구
일반회계,여성가족과,시간제보육시설 운영지원,사회복지시설법정운영비보조,12800000,11620,관악구
일반회계,복지정책과,위기가정 통합지원센터 운영,시책추진업무추진비,600000,11620,관악구
일반회계,여성가족과,보육교직원 자기개발비 지원,사회복지시설법정운영비보조,330700000,11620,관악구
일반회계,여성가족과,어린이집 식당 운영지원,사회복지시설법정운영비보조,47413330,11620,관악구
일반회계,여성가족과,방과후교실 운영지원,사회복지시설법정운영비보조,44350000,11620,관악구
일반회계,여성가족과,보육교직원 보수교육 지원,사회복지시설법정운영비보조,6340000,11620,관악구
일반회계,여성가족과,누리과정 담임수당 지원,사회복지시설법정운영비보조,1034784540,11620,관악구
일반회계,여성가족과,어린이집 공기청정기 지원,사회복지시설법정운영비보조,131166940,11620,관악구
일반회계,여성가족과,영유아 급간식비 지원,사회복지시설법정운영비보조,417885000,11620,관악구
일반회계,여성가족과,어린이집 대체교사 지원,사회복지시설법정운영비보조,37654210,11620,관악구
일반회계,여성가족과,어린이집 보육교직원 처우개선 지원(시비보조),사회복지시설법정운영비보조,217666000,11620,관악구
일반회계,여성가족과,서울형 모아어린이집 지원,사회복지시설법정운영비보조,7350000,11620,관악구
의료급여기금특별회계,생활복지과,의료급여사업,의료및구료비,71720000,11620,관악구
일반회계,여성가족과,보육인의 날 행사,사무관리비,5348000,11620,관악구
일반회계,여성가족과,아이돌봄 지원사업,사회복지사업보조,2402915000,11620,관악구
일반회계,여성가족과,건강가정지원센터 운영,사회복지시설법정운영비보조,343240000,11620,관악구
일반회계,여성가족과,공동육아나눔터 운영,사회복지사업보조,109692000,11620,관악구
일반회계,여성가족과,보조교사 및 보육도우미 지원,사회복지시설법정운영비보조,862610900,11620,관악구
일반회계,여성가족과,외국인아동 재원 어린이집 지원,사회복지시설법정운영비보조,75915010,11620,관악구
일반회계,여성가족과,기본경비,정원가산업무추진비,403300,11620,관악구
일반회계,여성가족과,특화보육 지원(시비보조),사회복지시설법정운영비보조,2125143370,11620,관악구
일반회계,자치행정과,동자원봉사캠프 역량강화 사업,시책추진업무추진비,73600,11620,관악구
일반회계,여성가족과,육아종합지원센터 운영지원(자체),민간위탁금,723800000,11620,관악구
일반회계,여성가족과,보육교직원 인건비 지원,사회복지시설법정운영비보조,0,11620,관악구
일반회계,여성가족과,공동(열린)육아방 조성 및 운영,사회복지사업보조,120024000,11620,관악구
일반회계,여성가족과,관악형 마더센터 아이랑 운영,민간위탁금,5000000,11620,관악구
일반회계,여성가족과,보육정책위원회 운영,시책추진업무추진비,5887550,11620,관악구
일반회계,노인청소년과,아동위원협의회 운영,시책추진업무추진비,84000,11620,관악구
일반회계,노인청소년과,보호대상 아동 보호조치 지원,시책추진업무추진비,1675700,11620,관악구
일반회계,여성가족과,어린이집 냉난방비 지원,사회복지시설법정운영비보조,31050000,11620,관악구
일반회계,치수과,별빛내린천 및 빗물펌프장 운영,공공운영비,1500000,11620,관악구
일반회계,노인청소년과,아동보호전담요원 사업비,사무관리비,35700,11620,관악구
